Workbook

Sheet HuongDan
A1: Hệ hỗ trợ ra quyết định chọn nhà trọ sử dụng phương pháp AHP.
A2: Dữ liệu được tổng hợp và mô phỏng theo đặc trưng thực tế của thị trường nhà trọ TP.HCM.
A3: Quy trình: AHP → Trọng số → Chuẩn hóa dữ liệu → Tính điểm phương án.

Sheet Criteria_Pairwise
B1: Giá | C1: Khoảng cách | D1: Chất lượng | E1: An ninh
A2: Giá | B2: 1 | C2: 3 | D2: 5 | E2: 7
A3: Khoảng cách | B3: =1/3 -> 0.33333333 | C3: 1 | D3: 3 | E3: 5
A4: Chất lượng | B4: =1/5 -> 0.2 | C4: =1/3 -> 0.33333333 | D4: 1 | E4: 3
A5: An ninh | B5: =1/7 -> 0.14285714 | C5: =1/5 -> 0.2 | D5: =1/3 -> 0.33333333 | E5: 1

Sheet Normalization_AHP
B1: Giá | C1: Khoảng cách | D1: Chất lượng | E1: An ninh
A2: Giá | B2: =Criteria_Pairwise!B2/SUM(Criteria_Pairwise!B2:B5) -> 0.59659091 | C2: =Criteria_Pairwise!C2/SUM(Criteria_Pairwise!C2:C5) -> 0.66176471 | D2: =Criteria_Pairwise!D2/SUM(Criteria_Pairwise!D2:D5) -> 0.53571429 | E2: =Criteria_Pairwise!E2/SUM(Criteria_Pairwise!E2:E5) -> 0.4375
A3: Khoảng cách | B3: =Criteria_Pairwise!B3/SUM(Criteria_Pairwise!B2:B5) -> 0.19886364 | C3: =Criteria_Pairwise!C3/SUM(Criteria_Pairwise!C2:C5) -> 0.22058824 | D3: =Criteria_Pairwise!D3/SUM(Criteria_Pairwise!D2:D5) -> 0.32142857 | E3: =Criteria_Pairwise!E3/SUM(Criteria_Pairwise!E2:E5) -> 0.3125
A4: Chất lượng | B4: =Criteria_Pairwise!B4/SUM(Criteria_Pairwise!B2:B5) -> 0.11931818 | C4: =Criteria_Pairwise!C4/SUM(Criteria_Pairwise!C2:C5) -> 0.073529412 | D4: =Criteria_Pairwise!D4/SUM(Criteria_Pairwise!D2:D5) -> 0.10714286 | E4: =Criteria_Pairwise!E4/SUM(Criteria_Pairwise!E2:E5) -> 0.1875
A5: An ninh | B5: =Criteria_Pairwise!B5/SUM(Criteria_Pairwise!B2:B5) -> 0.085227273 | C5: =Criteria_Pairwise!C5/SUM(Criteria_Pairwise!C2:C5) -> 0.044117647 | D5: =Criteria_Pairwise!D5/SUM(Criteria_Pairwise!D2:D5) -> 0.035714286 | E5: =Criteria_Pairwise!E5/SUM(Criteria_Pairwise!E2:E5) -> 0.0625

Sheet Criteria_Weights
A1: Tiêu chí | B1: Trọng số
A2: Giá | B2: =AVERAGE(Normalization_AHP!B2:E2) -> 0.55789248
A3: Khoảng cách | B3: =AVERAGE(Normalization_AHP!B3:E3) -> 0.26334511
A4: Chất lượng | B4: =AVERAGE(Normalization_AHP!B4:E4) -> 0.12187261
A5: An ninh | B5: =AVERAGE(Normalization_AHP!B5:E5) -> 0.056889801

Sheet DuLieu_ThucTe_TPHCM
A1: Mã | B1: Tên nhà | C1: Địa chỉ | D1: Quận/Khu vực | E1: Giá | F1: Khoảng cách | G1: Chất lượng | H1: An ninh | I1: Diện tích
A2: NT001 | B2: Căn hộ Studio tại Quận 2 cũ - Thủ Đức | C2: 246 Xô Viết Nghệ Tĩnh, Thủ Đức, TP.HCM | D2: Thủ Đức | E2: 3 | F2: 1.8 | G2: 5 | H2: 9 | I2: =RANDBETWEEN(1, 5) -> 5
A3: NT002 | B3: Studio tách bếp tại Quận 7 | C3: 97 Cách Mạng Tháng 8, Thủ Đức, TP.HCM | D3: Quận 7 | E3: 3.2 | F3: 4.3 | G3: 9 | H3: 5 | I3: =RANDBETWEEN(1, 5) -> 1
A4: NT003 | B4: Ký Túc Xá Ước Mơ - NVC | C4: 153 Nguyễn Văn Cừ, Quận 7, TP.HCM | D4: Thủ Đức | E4: 5 | F4: 4.7 | G4: 7 | H4: 7 | I4: =RANDBETWEEN(1, 5) -> 4
A5: NT004 | B5: Căn hộ 1PN | C5: 54 Trường Chinh, Bình Thạnh, TP.HCM | D5: Quận 1 | E5: 2.9 | F5: 0.9 | G5: 8 | H5: 6 | I5: =RANDBETWEEN(1, 5) -> 1
A6: NT005 | B6: Nhà Thuê Góc Nhỏ Lê Văn Sỹ | C6: 110 Lê Văn Sỹ, Quận 7, TP.HCM | D6: Quận 1 | E6: 4 | F6: 2.5 | G6: 8 | H6: 6 | I6: =RANDBETWEEN(1, 5) -> 1
A7: NT006 | B7: Trọ Tiện Ích 247 - NVC | C7: 71 Nguyễn Văn Cừ, Quận 10, TP.HCM | D7: Quận 5 | E7: 4 | F7: 4.9 | G7: 7 | H7: 6 | I7: =RANDBETWEEN(1, 5) -> 1
A8: NT007 | B8: Nhà Thuê Mộc - HVT | C8: 141 Hoàng Văn Thụ, Quận 3, TP.HCM | D8: Quận 5 | E8: 3.5 | F8: 3.5 | G8: 9 | H8: 9 | I8: =RANDBETWEEN(1, 5) -> 3
A9: NT008 | B9: Studio Sunny Điện Biên Phủ | C9: 173 Điện Biên Phủ, Quận 10, TP.HCM | D9: Quận 1 | E9: 5.1 | F9: 4.2 | G9: 6 | H9: 7 | I9: =RANDBETWEEN(1, 5) -> 2
A10: NT009 | B10: Studio tách bếp tại Quận 7 | C10: 266 Trường Chinh, Quận 10, TP.HCM | D10: Quận 7 | E10: 5.4 | F10: 0.8 | G10: 6 | H10: 8 | I10: =RANDBETWEEN(1, 5) -> 2
A11: NT010 | B11: Chung cư mini Dương Quảng Hàm | C11: 158 Điện Biên Phủ, Bình Thạnh, TP.HCM | D11: Gò Vấp | E11: 4.1 | F11: 4.1 | G11: 6 | H11: 8 | I11: =RANDBETWEEN(1, 5) -> 3
A12: NT011 | B12: Căn hộ dịch vụ Nam Kỳ Khởi Nghĩa | C12: 57 Hoàng Văn Thụ, Bình Thạnh, TP.HCM | D12: Quận 3 | E12: 4.8 | F12: 4.4 | G12: 8 | H12: 8 | I12: =RANDBETWEEN(1, 5) -> 1
A13: NT012 | B13: Nhà Trọ An Bình - HVT | C13: 204 Hoàng Văn Thụ, Thủ Đức, TP.HCM | D13: Phú Nhuận | E13: 4.8 | F13: 4.3 | G13: 9 | H13: 7 | I13: =RANDBETWEEN(1, 5) -> 2
... A101: NT100 | B101: Nhà trọ ban công 139 Hoàng Văn Thụ | C101: 139 Hoàng Văn Thụ, Quận 10, TP.HCM | D101: Bình Thạnh | E101: 3.7 | F101: 2.7 | G101: 7 | H101: 8 | I101: =RANDBETWEEN(1, 5) -> 2

Sheet ChuanHoa_DuLieu
A1: Mã | B1: Giá | C1: Khoảng cách | D1: Chất lượng | E1: An ninh
A2: =DuLieu_ThucTe_TPHCM!A2 -> NT001 | B2: =(MAX(DuLieu_ThucTe_TPHCM!E$2:E$101)-DuLieu_ThucTe_TPHCM!E2)/(MAX(DuLieu_ThucTe_TPHCM!E$2:E$101)-MIN(DuLieu_ThucTe_TPHCM!E$2:E$101)) -> 0.85714286 | C2: =(MAX(DuLieu_ThucTe_TPHCM!F$2:F$101)-DuLieu_ThucTe_TPHCM!F2)/(MAX(DuLieu_ThucTe_TPHCM!F$2:F$101)-MIN(DuLieu_ThucTe_TPHCM!F$2:F$101)) -> 0.71111111 | D2: =(DuLieu_ThucTe_TPHCM!G2-MIN(DuLieu_ThucTe_TPHCM!G$2:G$101))/(MAX(DuLieu_ThucTe_TPHCM!G$2:G$101)-MIN(DuLieu_ThucTe_TPHCM!G$2:G$101)) -> 0 | E2: =(DuLieu_ThucTe_TPHCM!H2-MIN(DuLieu_ThucTe_TPHCM!H$2:H$101))/(MAX(DuLieu_ThucTe_TPHCM!H$2:H$101)-MIN(DuLieu_ThucTe_TPHCM!H$2:H$101)) -> 1
A3: =DuLieu_ThucTe_TPHCM!A3 -> NT002 | B3: =(MAX(DuLieu_ThucTe_TPHCM!E$2:E$101)-DuLieu_ThucTe_TPHCM!E3)/(MAX(DuLieu_ThucTe_TPHCM!E$2:E$101)-MIN(DuLieu_ThucTe_TPHCM!E$2:E$101)) -> 0.78571429 | C3: =(MAX(DuLieu_ThucTe_TPHCM!F$2:F$101)-DuLieu_ThucTe_TPHCM!F3)/(MAX(DuLieu_ThucTe_TPHCM!F$2:F$101)-MIN(DuLieu_ThucTe_TPHCM!F$2:F$101)) -> 0.15555556 | D3: =(DuLieu_ThucTe_TPHCM!G3-MIN(DuLieu_ThucTe_TPHCM!G$2:G$101))/(MAX(DuLieu_ThucTe_TPHCM!G$2:G$101)-MIN(DuLieu_ThucTe_TPHCM!G$2:G$101)) -> 1 | E3: =(DuLieu_ThucTe_TPHCM!H3-MIN(DuLieu_ThucTe_TPHCM!H$2:H$101))/(MAX(DuLieu_ThucTe_TPHCM!H$2:H$101)-MIN(DuLieu_ThucTe_TPHCM!H$2:H$101)) -> 0
A4: =DuLieu_ThucTe_TPHCM!A4 -> NT003 | B4: =(MAX(DuLieu_ThucTe_TPHCM!E$2:E$101)-DuLieu_ThucTe_TPHCM!E4)/(MAX(DuLieu_ThucTe_TPHCM!E$2:E$101)-MIN(DuLieu_ThucTe_TPHCM!E$2:E$101)) -> 0.14285714 | C4: =(MAX(DuLieu_ThucTe_TPHCM!F$2:F$101)-DuLieu_ThucTe_TPHCM!F4)/(MAX(DuLieu_ThucTe_TPHCM!F$2:F$101)-MIN(DuLieu_ThucTe_TPHCM!F$2:F$101)) -> 0.066666667 | D4: =(DuLieu_ThucTe_TPHCM!G4-MIN(DuLieu_ThucTe_TPHCM!G$2:G$101))/(MAX(DuLieu_ThucTe_TPHCM!G$2:G$101)-MIN(DuLieu_ThucTe_TPHCM!G$2:G$101)) -> 0.5 | E4: =(DuLieu_ThucTe_TPHCM!H4-MIN(DuLieu_ThucTe_TPHCM!H$2:H$101))/(MAX(DuLieu_ThucTe_TPHCM!H$2:H$101)-MIN(DuLieu_ThucTe_TPHCM!H$2:H$101)) -> 0.5
A5: =DuLieu_ThucTe_TPHCM!A5 -> NT004 | B5: =(MAX(DuLieu_ThucTe_TPHCM!E$2:E$101)-DuLieu_ThucTe_TPHCM!E5)/(MAX(DuLieu_ThucTe_TPHCM!E$2:E$101)-MIN(DuLieu_ThucTe_TPHCM!E$2:E$101)) -> 0.89285714 | C5: =(MAX(DuLieu_ThucTe_TPHCM!F$2:F$101)-DuLieu_ThucTe_TPHCM!F5)/(MAX(DuLieu_ThucTe_TPHCM!F$2:F$101)-MIN(DuLieu_ThucTe_TPHCM!F$2:F$101)) -> 0.91111111 | D5: =(DuLieu_ThucTe_TPHCM!G5-MIN(DuLieu_ThucTe_TPHCM!G$2:G$101))/(MAX(DuLieu_ThucTe_TPHCM!G$2:G$101)-MIN(DuLieu_ThucTe_TPHCM!G$2:G$101)) -> 0.75 | E5: =(DuLieu_ThucTe_TPHCM!H5-MIN(DuLieu_ThucTe_TPHCM!H$2:H$101))/(MAX(DuLieu_ThucTe_TPHCM!H$2:H$101)-MIN(DuLieu_ThucTe_TPHCM!H$2:H$101)) -> 0.25
A6: =DuLieu_ThucTe_TPHCM!A6 -> NT005 | B6: =(MAX(DuLieu_ThucTe_TPHCM!E$2:E$101)-DuLieu_ThucTe_TPHCM!E6)/(MAX(DuLieu_ThucTe_TPHCM!E$2:E$101)-MIN(DuLieu_ThucTe_TPHCM!E$2:E$101)) -> 0.5 | C6: =(MAX(DuLieu_ThucTe_TPHCM!F$2:F$101)-DuLieu_ThucTe_TPHCM!F6)/(MAX(DuLieu_ThucTe_TPHCM!F$2:F$101)-MIN(DuLieu_ThucTe_TPHCM!F$2:F$101)) -> 0.55555556 | D6: =(DuLieu_ThucTe_TPHCM!G6-MIN(DuLieu_ThucTe_TPHCM!G$2:G$101))/(MAX(DuLieu_ThucTe_TPHCM!G$2:G$101)-MIN(DuLieu_ThucTe_TPHCM!G$2:G$101)) -> 0.75 | E6: =(DuLieu_ThucTe_TPHCM!H6-MIN(DuLieu_ThucTe_TPHCM!H$2:H$101))/(MAX(DuLieu_ThucTe_TPHCM!H$2:H$101)-MIN(DuLieu_ThucTe_TPHCM!H$2:H$101)) -> 0.25
A7: =DuLieu_ThucTe_TPHCM!A7 -> NT006 | B7: =(MAX(DuLieu_ThucTe_TPHCM!E$2:E$101)-DuLieu_ThucTe_TPHCM!E7)/(MAX(DuLieu_ThucTe_TPHCM!E$2:E$101)-MIN(DuLieu_ThucTe_TPHCM!E$2:E$101)) -> 0.5 | C7: =(MAX(DuLieu_ThucTe_TPHCM!F$2:F$101)-DuLieu_ThucTe_TPHCM!F7)/(MAX(DuLieu_ThucTe_TPHCM!F$2:F$101)-MIN(DuLieu_ThucTe_TPHCM!F$2:F$101)) -> 0.022222222 | D7: =(DuLieu_ThucTe_TPHCM!G7-MIN(DuLieu_ThucTe_TPHCM!G$2:G$101))/(MAX(DuLieu_ThucTe_TPHCM!G$2:G$101)-MIN(DuLieu_ThucTe_TPHCM!G$2:G$101)) -> 0.5 | E7: =(DuLieu_ThucTe_TPHCM!H7-MIN(DuLieu_ThucTe_TPHCM!H$2:H$101))/(MAX(DuLieu_ThucTe_TPHCM!H$2:H$101)-MIN(DuLieu_ThucTe_TPHCM!H$2:H$101)) -> 0.25
A8: =DuLieu_ThucTe_TPHCM!A8 -> NT007 | B8: =(MAX(DuLieu_ThucTe_TPHCM!E$2:E$101)-DuLieu_ThucTe_TPHCM!E8)/(MAX(DuLieu_ThucTe_TPHCM!E$2:E$101)-MIN(DuLieu_ThucTe_TPHCM!E$2:E$101)) -> 0.67857143 | C8: =(MAX(DuLieu_ThucTe_TPHCM!F$2:F$101)-DuLieu_ThucTe_TPHCM!F8)/(MAX(DuLieu_ThucTe_TPHCM!F$2:F$101)-MIN(DuLieu_ThucTe_TPHCM!F$2:F$101)) -> 0.33333333 | D8: =(DuLieu_ThucTe_TPHCM!G8-MIN(DuLieu_ThucTe_TPHCM!G$2:G$101))/(MAX(DuLieu_ThucTe_TPHCM!G$2:G$101)-MIN(DuLieu_ThucTe_TPHCM!G$2:G$101)) -> 1 | E8: =(DuLieu_ThucTe_TPHCM!H8-MIN(DuLieu_ThucTe_TPHCM!H$2:H$101))/(MAX(DuLieu_ThucTe_TPHCM!H$2:H$101)-MIN(DuLieu_ThucTe_TPHCM!H$2:H$101)) -> 1
A9: =DuLieu_ThucTe_TPHCM!A9 -> NT008 | B9: =(MAX(DuLieu_ThucTe_TPHCM!E$2:E$101)-DuLieu_ThucTe_TPHCM!E9)/(MAX(DuLieu_ThucTe_TPHCM!E$2:E$101)-MIN(DuLieu_ThucTe_TPHCM!E$2:E$101)) -> 0.10714286 | C9: =(MAX(DuLieu_ThucTe_TPHCM!F$2:F$101)-DuLieu_ThucTe_TPHCM!F9)/(MAX(DuLieu_ThucTe_TPHCM!F$2:F$101)-MIN(DuLieu_ThucTe_TPHCM!F$2:F$101)) -> 0.17777778 | D9: =(DuLieu_ThucTe_TPHCM!G9-MIN(DuLieu_ThucTe_TPHCM!G$2:G$101))/(MAX(DuLieu_ThucTe_TPHCM!G$2:G$101)-MIN(DuLieu_ThucTe_TPHCM!G$2:G$101)) -> 0.25 | E9: =(DuLieu_ThucTe_TPHCM!H9-MIN(DuLieu_ThucTe_TPHCM!H$2:H$101))/(MAX(DuLieu_ThucTe_TPHCM!H$2:H$101)-MIN(DuLieu_ThucTe_TPHCM!H$2:H$101)) -> 0.5
A10: =DuLieu_ThucTe_TPHCM!A10 -> NT009 | B10: =(MAX(DuLieu_ThucTe_TPHCM!E$2:E$101)-DuLieu_ThucTe_TPHCM!E10)/(MAX(DuLieu_ThucTe_TPHCM!E$2:E$101)-MIN(DuLieu_ThucTe_TPHCM!E$2:E$101)) -> 0 | C10: =(MAX(DuLieu_ThucTe_TPHCM!F$2:F$101)-DuLieu_ThucTe_TPHCM!F10)/(MAX(DuLieu_ThucTe_TPHCM!F$2:F$101)-MIN(DuLieu_ThucTe_TPHCM!F$2:F$101)) -> 0.93333333 | D10: =(DuLieu_ThucTe_TPHCM!G10-MIN(DuLieu_ThucTe_TPHCM!G$2:G$101))/(MAX(DuLieu_ThucTe_TPHCM!G$2:G$101)-MIN(DuLieu_ThucTe_TPHCM!G$2:G$101)) -> 0.25 | E10: =(DuLieu_ThucTe_TPHCM!H10-MIN(DuLieu_ThucTe_TPHCM!H$2:H$101))/(MAX(DuLieu_ThucTe_TPHCM!H$2:H$101)-MIN(DuLieu_ThucTe_TPHCM!H$2:H$101)) -> 0.75
A11: =DuLieu_ThucTe_TPHCM!A11 -> NT010 | B11: =(MAX(DuLieu_ThucTe_TPHCM!E$2:E$101)-DuLieu_ThucTe_TPHCM!E11)/(MAX(DuLieu_ThucTe_TPHCM!E$2:E$101)-MIN(DuLieu_ThucTe_TPHCM!E$2:E$101)) -> 0.46428571 | C11: =(MAX(DuLieu_ThucTe_TPHCM!F$2:F$101)-DuLieu_ThucTe_TPHCM!F11)/(MAX(DuLieu_ThucTe_TPHCM!F$2:F$101)-MIN(DuLieu_ThucTe_TPHCM!F$2:F$101)) -> 0.2 | D11: =(DuLieu_ThucTe_TPHCM!G11-MIN(DuLieu_ThucTe_TPHCM!G$2:G$101))/(MAX(DuLieu_ThucTe_TPHCM!G$2:G$101)-MIN(DuLieu_ThucTe_TPHCM!G$2:G$101)) -> 0.25 | E11: =(DuLieu_ThucTe_TPHCM!H11-MIN(DuLieu_ThucTe_TPHCM!H$2:H$101))/(MAX(DuLieu_ThucTe_TPHCM!H$2:H$101)-MIN(DuLieu_ThucTe_TPHCM!H$2:H$101)) -> 0.75
A12: =DuLieu_ThucTe_TPHCM!A12 -> NT011 | B12: =(MAX(DuLieu_ThucTe_TPHCM!E$2:E$101)-DuLieu_ThucTe_TPHCM!E12)/(MAX(DuLieu_ThucTe_TPHCM!E$2:E$101)-MIN(DuLieu_ThucTe_TPHCM!E$2:E$101)) -> 0.21428571 | C12: =(MAX(DuLieu_ThucTe_TPHCM!F$2:F$101)-DuLieu_ThucTe_TPHCM!F12)/(MAX(DuLieu_ThucTe_TPHCM!F$2:F$101)-MIN(DuLieu_ThucTe_TPHCM!F$2:F$101)) -> 0.13333333 | D12: =(DuLieu_ThucTe_TPHCM!G12-MIN(DuLieu_ThucTe_TPHCM!G$2:G$101))/(MAX(DuLieu_ThucTe_TPHCM!G$2:G$101)-MIN(DuLieu_ThucTe_TPHCM!G$2:G$101)) -> 0.75 | E12: =(DuLieu_ThucTe_TPHCM!H12-MIN(DuLieu_ThucTe_TPHCM!H$2:H$101))/(MAX(DuLieu_ThucTe_TPHCM!H$2:H$101)-MIN(DuLieu_ThucTe_TPHCM!H$2:H$101)) -> 0.75
A13: =DuLieu_ThucTe_TPHCM!A13 -> NT012 | B13: =(MAX(DuLieu_ThucTe_TPHCM!E$2:E$101)-DuLieu_ThucTe_TPHCM!E13)/(MAX(DuLieu_ThucTe_TPHCM!E$2:E$101)-MIN(DuLieu_ThucTe_TPHCM!E$2:E$101)) -> 0.21428571 | C13: =(MAX(DuLieu_ThucTe_TPHCM!F$2:F$101)-DuLieu_ThucTe_TPHCM!F13)/(MAX(DuLieu_ThucTe_TPHCM!F$2:F$101)-MIN(DuLieu_ThucTe_TPHCM!F$2:F$101)) -> 0.15555556 | D13: =(DuLieu_ThucTe_TPHCM!G13-MIN(DuLieu_ThucTe_TPHCM!G$2:G$101))/(MAX(DuLieu_ThucTe_TPHCM!G$2:G$101)-MIN(DuLieu_ThucTe_TPHCM!G$2:G$101)) -> 1 | E13: =(DuLieu_ThucTe_TPHCM!H13-MIN(DuLieu_ThucTe_TPHCM!H$2:H$101))/(MAX(DuLieu_ThucTe_TPHCM!H$2:H$101)-MIN(DuLieu_ThucTe_TPHCM!H$2:H$101)) -> 0.5
... A101: =DuLieu_ThucTe_TPHCM!A101 -> NT100 | B101: =(MAX(DuLieu_ThucTe_TPHCM!E$2:E$101)-DuLieu_ThucTe_TPHCM!E101)/(MAX(DuLieu_ThucTe_TPHCM!E$2:E$101)-MIN(DuLieu_ThucTe_TPHCM!E$2:E$101)) -> 0.60714286 | C101: =(MAX(DuLieu_ThucTe_TPHCM!F$2:F$101)-DuLieu_ThucTe_TPHCM!F101)/(MAX(DuLieu_ThucTe_TPHCM!F$2:F$101)-MIN(DuLieu_ThucTe_TPHCM!F$2:F$101)) -> 0.51111111 | D101: =(DuLieu_ThucTe_TPHCM!G101-MIN(DuLieu_ThucTe_TPHCM!G$2:G$101))/(MAX(DuLieu_ThucTe_TPHCM!G$2:G$101)-MIN(DuLieu_ThucTe_TPHCM!G$2:G$101)) -> 0.5 | E101: =(DuLieu_ThucTe_TPHCM!H101-MIN(DuLieu_ThucTe_TPHCM!H$2:H$101))/(MAX(DuLieu_ThucTe_TPHCM!H$2:H$101)-MIN(DuLieu_ThucTe_TPHCM!H$2:H$101)) -> 0.75

Sheet TinhDiem_PhuongAn
A1: Mã | B1: Điểm DSS
A2: =ChuanHoa_DuLieu!A2 -> NT001 | B2: {=SUMPRODUCT(ChuanHoa_DuLieu!B2:E2,TRANSPOSE(Criteria_Weights!$B$2:$B$5))} -> 0.72235099
A3: =ChuanHoa_DuLieu!A3 -> NT002 | B3: {=SUMPRODUCT(ChuanHoa_DuLieu!B3:E3,TRANSPOSE(Criteria_Weights!$B$2:$B$5))} -> 0.6011815
A4: =ChuanHoa_DuLieu!A4 -> NT003 | B4: {=SUMPRODUCT(ChuanHoa_DuLieu!B4:E4,TRANSPOSE(Criteria_Weights!$B$2:$B$5))} -> 0.18663647
A5: =ChuanHoa_DuLieu!A5 -> NT004 | B5: {=SUMPRODUCT(ChuanHoa_DuLieu!B5:E5,TRANSPOSE(Criteria_Weights!$B$2:$B$5))} -> 0.84368185
A6: =ChuanHoa_DuLieu!A6 -> NT005 | B6: {=SUMPRODUCT(ChuanHoa_DuLieu!B6:E6,TRANSPOSE(Criteria_Weights!$B$2:$B$5))} -> 0.53087599
A7: =ChuanHoa_DuLieu!A7 -> NT006 | B7: {=SUMPRODUCT(ChuanHoa_DuLieu!B7:E7,TRANSPOSE(Criteria_Weights!$B$2:$B$5))} -> 0.35995711
A8: =ChuanHoa_DuLieu!A8 -> NT007 | B8: {=SUMPRODUCT(ChuanHoa_DuLieu!B8:E8,TRANSPOSE(Criteria_Weights!$B$2:$B$5))} -> 0.64511401
A9: =ChuanHoa_DuLieu!A9 -> NT008 | B9: {=SUMPRODUCT(ChuanHoa_DuLieu!B9:E9,TRANSPOSE(Criteria_Weights!$B$2:$B$5))} -> 0.16550416
A10: =ChuanHoa_DuLieu!A10 -> NT009 | B10: {=SUMPRODUCT(ChuanHoa_DuLieu!B10:E10,TRANSPOSE(Criteria_Weights!$B$2:$B$5))} -> 0.31892427
A11: =ChuanHoa_DuLieu!A11 -> NT010 | B11: {=SUMPRODUCT(ChuanHoa_DuLieu!B11:E11,TRANSPOSE(Criteria_Weights!$B$2:$B$5))} -> 0.38482603
A12: =ChuanHoa_DuLieu!A12 -> NT011 | B12: {=SUMPRODUCT(ChuanHoa_DuLieu!B12:E12,TRANSPOSE(Criteria_Weights!$B$2:$B$5))} -> 0.28873288
A13: =ChuanHoa_DuLieu!A13 -> NT012 | B13: {=SUMPRODUCT(ChuanHoa_DuLieu!B13:E13,TRANSPOSE(Criteria_Weights!$B$2:$B$5))} -> 0.3108307
... A101: =ChuanHoa_DuLieu!A101 -> NT100 | B101: {=SUMPRODUCT(ChuanHoa_DuLieu!B101:E101,TRANSPOSE(Criteria_Weights!$B$2:$B$5))} -> 0.5769227
